<zuiprezi>
  <version>5</version>
  <zui-table>
    <settings>
      <autoplay>
        <delay>4000</delay>
      </autoplay>
      <bounds x="-69683.07325121" y="-50928.43077943621" width="139366.14650242" height="101856.86155887242"/>
      <aspectratio>off</aspectratio>
    </settings>
    <object id="72" type="button" x="1801.1715244956845" y="-3.1819056621793565e-12" r="0" s="170.04484400479535" class="invisible">
      <type>invisible</type>
      <size>
        <w>799.4366197183099</w>
        <h>600</h>
      </size>
      <meta>
        <parentTemplate>workflow</parentTemplate>
      </meta>
    </object>
    <object id="35" type="image" x="21318.354475405955" y="25167.068468069785" r="0" s="130.0950044494672">
      <source w="440" h="280" bt="433.05" bl="360">
        3ksx7oezt7.swf
        <url>3ksx7oezt7.swf</url>
      </source>
      <sourceUrl>asztal.swf</sourceUrl>
      <meta>
        <parentTemplate>workflow</parentTemplate>
      </meta>
    </object>
    <object id="56" type="image" x="-27280.697471714408" y="20221.57727381635" r="0" s="130.0950044494672">
      <source w="440" h="280" bt="433.05" bl="360">
        lvnnbv43ua.swf
        <url>lvnnbv43ua.swf</url>
      </source>
      <sourceUrl>asztal.swf</sourceUrl>
      <meta>
        <parentTemplate>workflow</parentTemplate>
      </meta>
    </object>
    <object id="48" type="image" x="-19582.957671617653" y="-17895.371310362327" r="0" s="138.11595153907976">
      <source w="344" h="229" bt="191.8" bl="456.8">
        jhzc7i5w4u.swf
        <url>jhzc7i5w4u.swf</url>
      </source>
      <sourceUrl>tabla.swf</sourceUrl>
      <meta>
        <parentTemplate>workflow</parentTemplate>
      </meta>
    </object>
    <object id="33" type="image" x="-16867.170158502166" y="5254.8565071848425" r="0" s="162.8997317919608">
      <source w="75" h="33" bt="440.7" bl="653.45">
        ezozetm25q.swf
        <url>ezozetm25q.swf</url>
      </source>
      <sourceUrl>tányér.swf</sourceUrl>
      <meta>
        <parentTemplate>workflow</parentTemplate>
      </meta>
    </object>
    <object id="34" type="image" x="-29501.85325370111" y="14484.203597997976" r="0" s="172.64131493109417">
      <source w="39" h="22" bt="519.75" bl="1032.5">
        h3hes038jy.swf
        <url>h3hes038jy.swf</url>
      </source>
      <sourceUrl>mobil.swf</sourceUrl>
      <meta>
        <parentTemplate>workflow</parentTemplate>
      </meta>
    </object>
    <object id="38" type="image" x="4173.709270411174" y="11388.016351072336" r="0" s="172.83437288086805">
      <source w="35" h="15" bt="493.05" bl="1002.85">
        p55uh64uuk.swf
        <url>p55uh64uuk.swf</url>
      </source>
      <sourceUrl>pinkpi.swf</sourceUrl>
      <meta>
        <parentTemplate>workflow</parentTemplate>
      </meta>
    </object>
    <object id="36" type="image" x="4172.923816548603" y="10681.264965520608" r="0" s="172.83437288086805">
      <source w="35" h="15" bt="488.75" bl="1002.85">
        d7hq3oiaxh.swf
        <url>d7hq3oiaxh.swf</url>
      </source>
      <sourceUrl>kekpi.swf</sourceUrl>
      <meta>
        <parentTemplate>workflow</parentTemplate>
      </meta>
    </object>
    <object id="41" type="image" x="-22863.450921488253" y="13388.795117610918" r="0" s="134.2737892114398">
      <source w="108" h="47" bt="492.35" bl="928.95">
        u8rskh28yn.swf
        <url>u8rskh28yn.swf</url>
      </source>
      <sourceUrl>lap.swf</sourceUrl>
      <meta>
        <parentTemplate>workflow</parentTemplate>
      </meta>
    </object>
    <object id="42" type="image" x="26446.73247762633" y="-1203.4643454420195" r="0" s="141.60564870824246">
      <source w="59" h="117" bt="369.75" bl="908.45">
        qlw5c10fkh.swf
        <url>qlw5c10fkh.swf</url>
      </source>
      <sourceUrl>dossziékek.swf</sourceUrl>
      <meta>
        <parentTemplate>workflow</parentTemplate>
      </meta>
    </object>
    <object id="49" type="image" x="4173.709270411174" y="9989.59429413047" r="0" s="172.83437288086805">
      <source w="35" h="15" bt="484.35" bl="1002.75">
        lcfwncrau3.swf
        <url>lcfwncrau3.swf</url>
      </source>
      <sourceUrl>zöldpi.swf</sourceUrl>
      <meta>
        <parentTemplate>workflow</parentTemplate>
      </meta>
    </object>
    <object id="52" type="image" x="21314.81929216247" y="-1205.1853378079109" r="0" s="142.82638705917554">
      <source w="59" h="116" bt="371.15" bl="949.9">
        dtrwidu7ei.swf
        <url>dtrwidu7ei.swf</url>
      </source>
      <sourceUrl>dossziépiros.swf</sourceUrl>
      <meta>
        <parentTemplate>workflow</parentTemplate>
      </meta>
    </object>
    <object id="51" type="image" x="3748.733448554947" y="-1204.2083702873251" r="0" s="134.22238659832624">
      <source w="163" h="127" bt="340.6" bl="728.95">
        htw3jny1pd.swf
        <url>htw3jny1pd.swf</url>
      </source>
      <sourceUrl>monitor.swf</sourceUrl>
      <meta>
        <parentTemplate>workflow</parentTemplate>
      </meta>
    </object>
    <object id="32" type="image" x="30354.823269007953" y="13473.308663370986" r="0" s="126.79541276523662">
      <source w="86" h="41" bt="499.4" bl="458.9">
        l2hxpnfidv.swf
        <url>l2hxpnfidv.swf</url>
      </source>
      <sourceUrl>ipad.swf</sourceUrl>
      <meta>
        <parentTemplate>workflow</parentTemplate>
      </meta>
    </object>
    <object id="42_301795" type="shape" x="28504.94045889489" y="15378.164109592091" r="-8.757643735742583e-15" s="25.4070145895921" class="line5">
      <geom type="line">
        <sp>-27.279135563446044 0</sp>
        <ep>27.279135563446047 0</ep>
        <t>8</t>
      </geom>
      <meta>
        <parentTemplate>workflow</parentTemplate>
      </meta>
    </object>
    <object id="50" type="image" x="19069.478590879127" y="9488.64151857266" r="0" s="148.68021514280017">
      <source w="131" h="97" bt="436.3" bl="798.3">
        bjs2bykor5.swf
        <url>bjs2bykor5.swf</url>
      </source>
      <sourceUrl>laptop.swf</sourceUrl>
      <meta>
        <parentTemplate>workflow</parentTemplate>
      </meta>
    </object>
    <object id="54" type="image" x="-24139.334109654887" y="11217.98607101488" r="0" s="134.2737892114398">
      <source w="108" h="47" bt="492.35" bl="928.95">
        1ng0oibc17.swf
        <url>1ng0oibc17.swf</url>
      </source>
      <sourceUrl>lap.swf</sourceUrl>
      <meta>
        <parentTemplate>workflow</parentTemplate>
      </meta>
    </object>
    <object id="29" type="image" x="-1783.3511987573406" y="-24056.97939419388" r="-2.38044577492434e-16" s="133.6117257938635">
      <source w="29" h="29" bt="236.05" bl="717.2">
        hoxzhz5rmo.swf
        <url>hoxzhz5rmo.swf</url>
      </source>
      <sourceUrl>ppostit.swf</sourceUrl>
      <meta>
        <parentTemplate>workflow</parentTemplate>
      </meta>
    </object>
    <object id="30" type="image" x="-4390.904767800303" y="-22014.595850762697" r="-2.38044577492434e-16" s="133.6117257938635">
      <source w="29" h="29" bt="225.35" bl="745.15">
        wpum3Z5w11.swf
        <url>wpum3Z5w11.swf</url>
      </source>
      <sourceUrl>kpostit.swf</sourceUrl>
      <meta>
        <parentTemplate>workflow</parentTemplate>
      </meta>
    </object>
    <object id="37" type="image" x="-8176.42367525735" y="-23488.453793004737" r="0" s="133.61172579386323">
      <source w="29" h="29" bt="227.2" bl="686.2">
        m0rhh4tyi5.swf
        <url>m0rhh4tyi5.swf</url>
      </source>
      <sourceUrl>zposzit.swf</sourceUrl>
      <meta>
        <parentTemplate>workflow</parentTemplate>
      </meta>
    </object>
    <object id="40" type="image" x="-33011.2857808251" y="-3220.7583901418307" r="0" s="132.47200495390248">
      <source w="45" h="4" bt="409.55" bl="516.65">
        y7feo2000u.swf
        <url>y7feo2000u.swf</url>
      </source>
      <sourceUrl>tollzold.swf</sourceUrl>
      <meta>
        <parentTemplate>workflow</parentTemplate>
      </meta>
    </object>
    <object id="39" type="image" x="-34062.94965952278" y="-2994.9671943548747" r="0" s="132.47200495390248">
      <source w="45" h="4" bt="412.1" bl="497.85">
        ixuombb72e.swf
        <url>ixuombb72e.swf</url>
      </source>
      <sourceUrl>tollpink.swf</sourceUrl>
      <meta>
        <parentTemplate>workflow</parentTemplate>
      </meta>
    </object>
    <object id="28" type="image" x="-18219.888680422868" y="5232.183275587932" r="0" s="162.20558939349544">
      <source w="28" h="31" bt="441.85" bl="668.45">
        6k2Zmj1y8w.swf
        <url>6k2Zmj1y8w.swf</url>
      </source>
      <sourceUrl>szenya.swf</sourceUrl>
      <meta>
        <parentTemplate>workflow</parentTemplate>
      </meta>
    </object>
    <object id="27" type="image" x="-16628.760810248168" y="4944.98707457455" r="0" s="141.8411467741249">
      <source w="37" h="39" bt="435.1" bl="672.35">
        nZjyjdllgl.swf
        <url>nZjyjdllgl.swf</url>
      </source>
      <sourceUrl>HARAPSZENYA.swf</sourceUrl>
      <meta>
        <parentTemplate>workflow</parentTemplate>
      </meta>
    </object>
    <object id="43" type="image" x="-30985.449920733296" y="8225.680794356254" r="0" s="175.18392669307195">
      <source w="38" h="4" bt="476.7" bl="872.55">
        Zr713qvdol.swf
        <url>Zr713qvdol.swf</url>
      </source>
      <sourceUrl>sc.swf</sourceUrl>
      <meta>
        <parentTemplate>workflow</parentTemplate>
      </meta>
    </object>
    <object id="45" type="image" x="-32649.503095664273" y="8477.627759506608" r="0" s="175.18392669307195">
      <source w="38" h="4" bt="467.85" bl="876.55">
        sxn1bqzm54.swf
        <url>sxn1bqzm54.swf</url>
      </source>
      <sourceUrl>nc.swf</sourceUrl>
      <meta>
        <parentTemplate>workflow</parentTemplate>
      </meta>
    </object>
    <object id="46" type="image" x="-30675.641936483255" y="9362.069826479152" r="0" s="175.18392669307195">
      <source w="38" h="4" bt="474.35" bl="880.55">
        21jo53jea1.swf
        <url>21jo53jea1.swf</url>
      </source>
      <sourceUrl>pc.swf</sourceUrl>
      <meta>
        <parentTemplate>workflow</parentTemplate>
      </meta>
    </object>
    <object id="44" type="image" x="-29501.030402648557" y="9731.156398865614" r="0" s="175.18392669307195">
      <source w="38" h="4" bt="482.45" bl="876.55">
        fovni4pksd.swf
        <url>fovni4pksd.swf</url>
      </source>
      <sourceUrl>zc.swf</sourceUrl>
      <meta>
        <parentTemplate>workflow</parentTemplate>
      </meta>
    </object>
    <object id="47" type="image" x="-29916.654729267524" y="10090.596586830923" r="0" s="175.18392669307195">
      <source w="38" h="4" bt="480.65" bl="888.5">
        2salce2np4.swf
        <url>2salce2np4.swf</url>
      </source>
      <sourceUrl>kc.swf</sourceUrl>
      <meta>
        <parentTemplate>workflow</parentTemplate>
      </meta>
    </object>
    <object id="59" type="image" x="-2007.8556991831467" y="7620.283883219857" r="0" s="132.47200495390248">
      <source w="45" h="4" bt="412.1" bl="497.85">
        ft18vtqj0g.swf
        <url>ft18vtqj0g.swf</url>
      </source>
      <sourceUrl>tollpink.swf</sourceUrl>
      <meta>
        <parentTemplate>workflow</parentTemplate>
      </meta>
    </object>
    <object id="61" type="button" x="-33483.82559004531" y="-18686.18153966989" r="0" s="34.029112888535984" class="invisible">
      <type>invisible</type>
      <size>
        <w>551.1651633712671</w>
        <h>750.8797728350773</h>
      </size>
      <meta>
        <parentTemplate>workflow</parentTemplate>
      </meta>
    </object>
    <object id="62" type="button" x="-8176.291821149011" y="-23661.58379260619" r="0" s="5.911244032710691" class="invisible">
      <type>invisible</type>
      <size>
        <w>796.011396011396</w>
        <h>600</h>
      </size>
      <meta>
        <parentTemplate>workflow</parentTemplate>
      </meta>
    </object>
    <object id="66" type="button" x="3748.46528514745" y="-3471.031741839459" r="0" s="35.00323780003894" class="invisible">
      <type>invisible</type>
      <size>
        <w>610.8359408900143</w>
        <h>392.1144273580184</h>
      </size>
      <meta>
        <parentTemplate>workflow</parentTemplate>
      </meta>
    </object>
    <object id="71" type="button" x="26100.05" y="-1086.6500000000033" r="0" s="11.897810039640367" class="roundrect">
      <type>roundrect</type>
      <size>
        <w>951.219512195122</w>
        <h>600</h>
      </size>
    </object>
    <object id="99" type="image" x="26100.1" y="-729.0999999999995" r="0" s="9.343144761433042">
      <source w="1085" h="484">
        face.PNG
        <url>face.PNG</url>
      </source>
      <sourceUrl>face.PNG</sourceUrl>
    </object>
    <object id="68" type="labelwithplaceholder" x="22821.466582118457" y="-1458.3031450343435" r="0" s="12.228752412755124" class="strong">
      <placeholder text="Click to add text" x="-72.05" y="-17"/>
    </object>
    <object id="69" type="labelwithplaceholder" x="27957.365662211752" y="-1458.3031450343371" r="0" s="12.228752412755124" class="strong">
      <placeholder text="Click to add text" x="-72.05" y="-17"/>
    </object>
    <object id="70" type="button" x="-22635.108412110112" y="12329.550513759394" r="0" s="13.06206444407948" class="invisible">
      <type>invisible</type>
      <size>
        <w>780.3156169307173</w>
        <h>585.236712698038</h>
      </size>
      <meta>
        <parentTemplate>workflow</parentTemplate>
      </meta>
    </object>
    <object id="91" type="button" x="12249.099999999991" y="-15435.850000000017" r="-0.24583894375264823" s="12.902604574178874" class="roundrect">
      <type>roundrect</type>
      <size>
        <w>783.579324202198</w>
        <h>587.6844931516483</h>
      </size>
    </object>
    <object id="83" type="labelwithplaceholder" x="10058.939548797123" y="-11955.653461693466" r="-3.1850141688015516" s="2.4714400194644175" class="body">
      <placeholder text="Click to add text" x="-90.15" y="-16.4"/>
    </object>
    <object id="85" type="labelwithplaceholder" x="-25646.91867324367" y="10984.034456256324" r="0" s="19.373702696550197" class="body">
      <placeholder text="Click to add text" x="-90.15" y="-16.4"/>
    </object>
    <object id="88" type="button" x="-4350.395261434078" y="-22006.041348757735" r="-1.1299084920387794e-15" s="4.222317166221935" class="invisible">
      <type>invisible</type>
      <size>
        <w>796.011396011396</w>
        <h>600</h>
      </size>
      <meta>
        <parentTemplate>workflow</parentTemplate>
      </meta>
    </object>
    <object id="10_301795" type="image" x="-34413.548209540386" y="2334.767739925263" r="0" s="19.64957923239723">
      <source w="193" h="278" bt="299.6" bl="469.35">
        q1nb8lpeb2.swf
        <url>q1nb8lpeb2.swf</url>
      </source>
      <sourceUrl>cica.swf</sourceUrl>
      <meta>
        <parentTemplate>workflow</parentTemplate>
      </meta>
    </object>
    <object id="53" type="image" x="-43360.57365946022" y="2940.1507537864227" r="0" s="132.4013934015621">
      <source w="120" h="56" bt="428.7" bl="419.9">
        0Zh6lkbuny.swf
        <url>0Zh6lkbuny.swf</url>
      </source>
      <sourceUrl>PROJEKTOR.swf</sourceUrl>
      <meta>
        <parentTemplate>workflow</parentTemplate>
      </meta>
    </object>
    <object id="21_301795" type="image" x="-18536.40683238799" y="-20251.126573010253" r="0" s="4.622460503116592">
      <source w="524" h="447" bt="315.8" bl="762.65">
        xp0qc7wylt.swf
        <url>xp0qc7wylt.swf</url>
      </source>
      <sourceUrl>125_brain.swf</sourceUrl>
      <extra>
        <fixed_avm1_pos>1</fixed_avm1_pos>
      </extra>
      <meta>
        <parentTemplate>workflow</parentTemplate>
      </meta>
    </object>
    <object id="22_301795" type="shape" x="-19524.73641616017" y="-17905.28279367986" r="99.4695452652064" s="13.441302706125189" class="line1">
      <geom type="arrow">
        <sp>-106.2601641911993 0</sp>
        <ep>106.2601641911993 0</ep>
        <t>8</t>
      </geom>
      <meta>
        <parentTemplate>workflow</parentTemplate>
      </meta>
    </object>
    <object id="26_301795" type="button" x="-15581.299345442829" y="-12882.827367065856" r="9.469545265206406" s="3.8444913281987954" class="roundrect">
      <type>roundrect</type>
      <size>
        <w>795.7219251336899</w>
        <h>600</h>
      </size>
      <meta>
        <parentTemplate>workflow</parentTemplate>
      </meta>
    </object>
    <object id="23_301795" type="shape" x="-17342.154605176987" y="-17149.78197410944" r="60.00000000000003" s="13.441302706125187" class="line2">
      <geom type="arrow">
        <sp>-177.72829402885333 0</sp>
        <ep>177.72829402885333 0</ep>
        <t>8</t>
      </geom>
      <meta>
        <parentTemplate>workflow</parentTemplate>
      </meta>
    </object>
    <object id="24_301795" type="shape" x="-17094.642472468215" y="-18816.738915201648" r="36.56666170385331" s="13.44130270612518" class="line3">
      <geom type="arrow">
        <sp>-105.7951450799138 0</sp>
        <ep>105.7951450799138 0</ep>
        <t>8</t>
      </geom>
      <meta>
        <parentTemplate>workflow</parentTemplate>
      </meta>
    </object>
    <object id="25_301795" type="button" x="-14400.478061553276" y="-17707.485193361365" r="9.469545265206406" s="3.7689261914405376" class="circle">
      <type>circle</type>
      <size>
        <w>800</w>
        <h>800</h>
      </size>
      <meta>
        <parentTemplate>workflow</parentTemplate>
      </meta>
    </object>
    <object id="27_301795" type="button" x="-20443.406931523175" y="-14800.5061969299" r="9.469545265206406" s="4.614954406404795" class="bracket">
      <type>bracket</type>
      <size>
        <w>714.2857142857143</w>
        <h>600</h>
      </size>
      <meta>
        <parentTemplate>workflow</parentTemplate>
      </meta>
    </object>
    <object id="30_301795" type="button" x="-19475.48353674588" y="-11273.495173410938" r="1.7518142890817412" s="2.6377107405323232" class="bracket">
      <type>bracket</type>
      <size>
        <w>792.4528301886792</w>
        <h>600</h>
      </size>
      <meta>
        <parentTemplate>workflow</parentTemplate>
      </meta>
    </object>
    <object id="33_301795" type="button" x="-11951.49175059796" y="-18929.645672173483" r="17.187276241331027" s="1.6099952196388256" class="circle">
      <type>circle</type>
      <size>
        <w>800</w>
        <h>800</h>
      </size>
      <meta>
        <parentTemplate>workflow</parentTemplate>
      </meta>
    </object>
    <object id="34_301795" type="button" x="-11760.234260332774" y="-17078.666973572734" r="1.7518142890817454" s="1.6099952196388292" class="circle">
      <type>circle</type>
      <size>
        <w>800</w>
        <h>800</h>
      </size>
      <meta>
        <parentTemplate>workflow</parentTemplate>
      </meta>
    </object>
    <object id="36_301795" type="shape" x="-12846.797499485396" y="-18600.74221003914" r="-27.90288754799115" s="6.7206513530626015" class="line3">
      <geom type="line">
        <sp>-42.76796688625916 0</sp>
        <ep>42.76796688625916 0</ep>
        <t>8</t>
      </geom>
      <meta>
        <parentTemplate>workflow</parentTemplate>
      </meta>
    </object>
    <object id="37_301795" type="shape" x="-12691.553870338308" y="-17214.363875767012" r="9.469545265206406" s="6.720651353062594" class="line3">
      <geom type="line">
        <sp>-44.45510983348788 0</sp>
        <ep>44.45510983348788 0</ep>
        <t>8</t>
      </geom>
      <meta>
        <parentTemplate>workflow</parentTemplate>
      </meta>
    </object>
    <object id="40_301795" type="shape" x="-19841.307778758837" y="-12799.383903976688" r="66.42911909282566" s="6.720651353062603" class="line1">
      <geom type="line">
        <sp>-38.30941244662933 0</sp>
        <ep>38.30941244662933 0</ep>
        <t>8</t>
      </geom>
      <meta>
        <parentTemplate>workflow</parentTemplate>
      </meta>
    </object>
    <object id="24" type="button" x="-3966.7880990281583" y="-26724.745434798893" r="-1.1223800016407129e-15" s="4.604858737524696" class="roundrect">
      <type>roundrect</type>
      <size>
        <w>839.4527113829906</w>
        <h>600</h>
      </size>
    </object>
    <object id="23" type="image" x="-3966.699999999996" y="-26724.700000000114" r="-7.377298727679144e-17" s="5.389090910624043">
      <source w="684" h="385">
        capture2.PNG
        <url>capture2.PNG</url>
      </source>
      <sourceUrl>capture2.PNG</sourceUrl>
    </object>
    <object id="41_301795" type="labelwithplaceholder" x="-35581.6893082061" y="-22640.63576497847" r="0" s="43.867794205847936" class="body">
      <placeholder text="Click to add text" x="-90.15" y="-16.4"/>
    </object>
    <object id="43_301795" type="image" x="-15256.824682452674" y="13010.998335728464" r="0" s="172.83437288086805">
      <source w="35" h="15" bt="484.35" bl="1002.75">
        zvv0vzvg2p.swf
        <url>zvv0vzvg2p.swf</url>
      </source>
      <sourceUrl>zöldpi.swf</sourceUrl>
      <meta>
        <parentTemplate>workflow</parentTemplate>
      </meta>
    </object>
    <object id="44_301795" type="button" x="-15252.938120997387" y="13010.998335728496" r="0" s="4.15330821480702" class="invisible">
      <type>invisible</type>
      <size>
        <w>793.7743190661479</w>
        <h>600</h>
      </size>
      <meta>
        <parentTemplate>workflow</parentTemplate>
      </meta>
    </object>
    <object id="45_301795" type="labelwithplaceholder" x="-15523.53905483454" y="12034.357470263018" r="0" s="6.318719098439985" class="strong">
      <placeholder text="Click to add text" x="-72.05" y="-17" align="center" width="144.1"/>
    </object>
    <object id="46_301795" type="labelwithplaceholder" x="-16241.848581459271" y="12536.393121995816" r="0" s="6.087918180716449" class="body">
      <placeholder text="Click to add text" x="-90.15" y="-16.4"/>
    </object>
    <object id="2" type="label" x="-32778.30000000013" y="-19641.05000000007" r="0" s="33.31570729040462" class="body">
      <textfield>
        <x>-263.95</x>
        <y>-232.4</y>
        <text><![CDATA[To design and develop gesture detection software for operating computer using webcam which can even be used by handicapped people.Team Members:Charulekha B.V                         1NT09CS028Khangjrakpam Irina Chanu        1NT09CS046Lavleen Nahta.M                       1NT09CS049Nikhil D.E                                 1NT09CS062Guide Name: Dr.Saroja Devi H.Professor, CSE Dept.Nitte Meenakshi Institute of Technology]]></text>
        <w>527.95</w>
        <h>464.8</h>
        <annotations>r1-132 { align: left; }
r133-147 { align: left; }
r148-198 { align: left; }
r198-241 { align: left; }
r241-290 { align: left; }
r290-344 { align: left; }
r345-358 { align: left; }
r358-376 { align: left; }
r376-397 { align: left; }
r397-436 { align: left; }</annotations>
      </textfield>
    </object>
    <object id="3" type="label" x="-20415.70537949452" y="-15244.842483252074" r="9.469545265206406" s="2.6370449766102824" class="body">
      <textfield>
        <x>-476.3</x>
        <y>-174.8</y>
        <text><![CDATA[Human Computer Interaction (HCI) is getting more and more important with the improvement of the technology.In the history, different perspectives like static keys and buttons, track path devices, touch and multi-touch screens have been developed. The next innovation should let people use computers easily and effortlessly without touching. Thus, gesture recognition and motion tracking are the next improvement Human Computer Interaction. The Gesturized computer operation makes a way for the user to operate the computer from a distance and also ends the era of keyboard and touch.]]></text>
        <w>952.6</w>
        <h>349.6</h>
        <annotations>r0-108 { align: left; }
r109-250 { align: left; }
r251-444 { align: left; }
r445-589 { align: left; }</annotations>
      </textfield>
    </object>
    <object id="4" type="label" x="-20569.950000000044" y="-14324.200000000015" r="9.469545265206406" s="2.6370449766102824" class="body">
      <textfield>
        <x>-472.3</x>
        <y>-131.6</y>
        <text><![CDATA[The Gesture Recognition System will be the solution of getting out of an obligation of touching screen or pushing button that enforces the user to focus on the device when the user is doing another job. Gesture recognition is the process of recognizing the captured gesture and comparing with the assigned gesture and perform particular task assigned.Gesturised computer operation is assigning the task to a particular gesture recognised  and enabling the operation of computer.]]></text>
        <w>944.65</w>
        <h>263.2</h>
        <annotations>r0-203 { align: left; }
r204-354 { align: left; }
r355-482 { align: justify; }</annotations>
      </textfield>
    </object>
    <object id="5" type="label" x="-20409.79872306232" y="-15872.991391421185" r="9.469545265206406" s="5.410885873910811" class="head">
      <textfield autoSize="true">
        <x>-97.35</x>
        <y>-18.3</y>
        <text><![CDATA[INTRODUCTION]]></text>
        <annotations>r0-12 { align: left; }</annotations>
      </textfield>
    </object>
    <object id="6" type="label" x="-19449.5096761728" y="-11296.49432990889" r="1.7518142890817416" s="2.013355646760526" class="body">
      <textfield>
        <x>-429.05</x>
        <y>-203.6</y>
        <text><![CDATA[ With the increasing usage of computer by the people, the requirement of speed and efficiency plays a vital role. Through our software of gesture detection we make the operation of the computer faster and easier in day to day life. It also renders the most valuable interface of the computer and handicaps.  As Apple has implemented mouse controlling and navigation using iNavigate software via gesture recognition and it is very much environmental dependent and cannot be used in any other platforms we are motivated to build a software which is more efficient and compatible when compared to iNavigate. Microsoft has a product called Kinect which uses sensors and high cost camera to recognize the gestures, we are building a software which uses only integrated camera which makes it cost effective.]]></text>
        <w>858.1</w>
        <h>407.2</h>
        <annotations>r0-308 { align: left; }
r309-607 { align: left; }
r608-805 { align: left; }</annotations>
      </textfield>
    </object>
    <object id="7" type="label" x="-19500.05387252477" y="-11853.425206347005" r="1.7518142890817394" s="3.3257233801374437" class="body">
      <textfield autoSize="true">
        <x>-73.3</x>
        <y>-16.4</y>
        <text><![CDATA[MOTIVATION]]></text>
        <annotations>r0-10 { color: #87234b; }
r0-10 { align: left; }</annotations>
      </textfield>
    </object>
    <object id="8" type="label" x="-15509.407451351137" y="-13040.27534083096" r="9.469545265206406" s="2.802124175241802" class="body">
      <textfield>
        <x>-483</x>
        <y>-174.8</y>
        <text><![CDATA[ To detect and analyse the gestures and ease the interface between the user and the computer by gesture detection rather than click, press and touch.  Gesture Recognition software will be designed as a whole simulation of a Computer. Since Computers are one of the most indispensable objects for people in their daily life, our software has to be designed with minimum faults. Using the integrated camera provides an inexpensive solution with respect to the current technologies.To achieve Portability, integrated camera is used and the software will be implemented into the Computers which have Windows based operating systems.]]></text>
        <w>966</w>
        <h>349.6</h>
        <annotations>r0-151 { align: left; }
r152-380 { align: left; }
r381-484 { align: left; }
r485-634 { align: justify; }</annotations>
      </textfield>
    </object>
    <object id="9" type="label" x="-15529.373721135336" y="-13799.592136910169" r="9.469545265206406" s="4.471806507364304" class="body">
      <textfield autoSize="true">
        <x>-57.65</x>
        <y>-16.4</y>
        <text><![CDATA[OBJECTIVE]]></text>
        <annotations>r0-9 { color: #318bff; }
r0-9 { align: left; }</annotations>
      </textfield>
    </object>
    <object id="10" type="label" x="-11973.20798424852" y="-18820.94661540456" r="17.187276241331027" s="3.4269003870175716" class="body">
      <textfield autoSize="true">
        <x>-113.8</x>
        <y>-74</y>
        <text><![CDATA[ProcessorPentium IVRAM2 GBMother Board1.2 GHzGraphic Card 512 MBPeripheralsWebcam]]></text>
        <annotations>r0-20 { align: left; }
r20-28 { align: left; }
r28-48 { align: left; }
r48-68 { align: left; }
r68-85 { align: left; }</annotations>
      </textfield>
    </object>
    <object id="11" type="label" x="-11748.590005615431" y="-17027.555649133417" r="1.7518142890817434" s="2.101332600877112" class="body">
      <textfield>
        <x>-238.7</x>
        <y>-74</y>
        <text><![CDATA[Operating System- Windows XP ProfessionalIDE-Visual Studio 2010Programming Language-Open CV Packages- Open CV 2.4.3 for Windows, EmguCV]]></text>
        <w>477.45</w>
        <h>148</h>
        <annotations>r0-42 { align: left; }
r42-65 { align: left; }
r65-95 { align: left; }
r95-138 { align: left; }</annotations>
      </textfield>
    </object>
    <object id="12" type="label" x="-14371.472016740465" y="-17780.110090238293" r="9.691563782647163" s="7.359848979839176" class="head">
      <textfield>
        <x>-96.3</x>
        <y>-67.3</y>
        <text><![CDATA[HARDWARE      ANDSOFTWAREREQUIREMENTS]]></text>
        <annotations>r0-40 { color: #f000b4; }
r0-10 { align: left; }
r10-19 { align: left; }
r19-28 { align: left; }
r28-40 { align: left; }</annotations>
      </textfield>
    </object>
    <object id="14" type="label" x="-8135" y="-23731.5" r="-5.653163233103659e-17" s="3.5163440253667453" class="body">
      <textfield>
        <x>-473.85</x>
        <y>-174.8</y>
        <text><![CDATA[A gesture-based interface, is designed for gesture recognition of the user. Features of Gesture-based interface : The recognised gestures are used to generate motion control commands so that it can control the operation of the computer according to the user's intention. Face, hand and color detection algorithm is used in our software to achieve accurate detection, tracking and gesture recognition in real time. It is intended to be used as a human-friendly interface for normal and disabled people to operate the computer using their gestures rather than click, press and touch.]]></text>
        <w>947.75</w>
        <h>349.6</h>
        <annotations>r78-114 { color: #000; }
 r0-77 { align: justify; }
r78-116 { align: justify; }
r117-275 { align: justify; }
r276-420 { align: justify; }
r421-589 { align: left; }</annotations>
      </textfield>
    </object>
    <object id="15" type="label" x="-8266.35" y="-24669.55" r="0" s="7.581237718690703" class="body">
      <textfield>
        <x>-42.45</x>
        <y>-16.4</y>
        <text><![CDATA[DESIGN]]></text>
        <annotations>r0-6 { align: left; }</annotations>
      </textfield>
    </object>
    <object id="19" type="image" x="-4350.5808925227175" y="-22084.687207594743" r="-1.151809781551307e-15" s="4.142031174426838">
      <source w="637" h="491">
        Capture.PNG
        <url>Capture.PNG</url>
      </source>
      <sourceUrl>Capture.PNG</sourceUrl>
    </object>
    <object id="20" type="image" x="-1387.6736959059035" y="-24041.10255456664" r="-5.074899222505334e-17" s="3.917017045578603">
      <source w="656" h="371">
        Capture1.PNG
        <url>Capture1.PNG</url>
      </source>
      <sourceUrl>Capture1.PNG</sourceUrl>
    </object>
    <object id="1" type="image" x="-51562.08884108014" y="-41401.38376878976" r="0" s="31.748630749758316">
      <source w="710" h="478">
        Capture5.PNG
        <url>Capture5.PNG</url>
      </source>
      <sourceUrl>Capture5.PNG</sourceUrl>
    </object>
    <object id="25" type="button" x="-69076.55834100711" y="13742.250957235" r="0" s="0.6030174092293505" class="invisible">
      <type>invisible</type>
      <size>
        <w>2012.3639647039424</w>
        <h>560.8993822244631</h>
      </size>
    </object>
    <object id="26" type="label" x="-69026.63237750149" y="13747.110341683225" r="6.1388862244050306e-15" s="3.1242309660402516" class="head">
      <textfield>
        <x>-149.6</x>
        <y>-34.65</y>
        <text><![CDATA[GESTURISED COMPUTER                    OPERATION]]></text>
        <w>299.25</w>
        <h>69.3</h>
        <annotations>r0-28 { align: left; }
r28-49 { align: left; }</annotations>
      </textfield>
    </object>
    <object id="0" type="label" x="-34067.26001951001" y="-27532.59575052279" r="0" s="40.42356471798244" class="head">
      <textfield autoSize="true">
        <x>-135.15</x>
        <y>-18.3</y>
        <text><![CDATA[PROBLEM STATEMENT]]></text>
        <annotations>r0-17 { color: #175d66; }
r0-17 { align: left; }</annotations>
      </textfield>
    </object>
    <object id="292" type="button" x="4300.404975761702" y="-2780.2836938387773" r="-133.87047962282375" s="4.924940227968251" class="invisible">
      <type>invisible</type>
      <size>
        <w>715</w>
        <h>314</h>
      </size>
      <meta>
        <parentObjlib>perspective</parentObjlib>
      </meta>
    </object>
    <object id="293" type="button" x="2693.5962027498213" y="-3471.530197293209" r="0" s="5.432297807079743" class="invisible">
      <type>invisible</type>
      <size>
        <w>627.95</w>
        <h>328.95</h>
      </size>
      <meta>
        <parentObjlib>perspective</parentObjlib>
      </meta>
    </object>
    <object id="294" type="button" x="4180.715111401347" y="-3907.4144268338473" r="141.65391249303687" s="3.500665402604897" class="invisible">
      <type>invisible</type>
      <size>
        <w>915.05</w>
        <h>479.05</h>
      </size>
      <meta>
        <parentObjlib>perspective</parentObjlib>
      </meta>
    </object>
    <object id="295" type="button" x="3790.0884392283615" y="-3392.3298780804116" r="-2.7247491320641395e-14" s="6.534065027619551" class="circle">
      <type>circle</type>
      <size>
        <w>197.9</w>
        <h>197.9</h>
      </size>
      <meta>
        <parentObjlib>perspective</parentObjlib>
      </meta>
    </object>
    <object id="336" type="shape" x="12169.369680185526" y="1629.995020465528" r="160.47262136180282" s="5.937425509735505">
      <geom type="line">
        <sp>43.18893439442774 0</sp>
        <ep>-43.18893439442775 0</ep>
        <t>8</t>
      </geom>
      <meta>
        <parentObjlib>perspective</parentObjlib>
      </meta>
    </object>
    <object id="337" type="shape" x="12539.160055640346" y="1777.5805465153492" r="-118.56574382443226" s="5.925143571294074">
      <geom type="line">
        <sp>44.7913546150948 0</sp>
        <ep>-44.7913546150948 0</ep>
        <t>8</t>
      </geom>
      <meta>
        <parentObjlib>perspective</parentObjlib>
      </meta>
    </object>
    <object id="365" type="button" x="1610.6944690752937" y="-3432.3893546566183" r="0" s="1.3646507629929163" class="roundrect">
      <type>roundrect</type>
      <size>
        <w>800</w>
        <h>1146.987951807229</h>
      </size>
    </object>
    <object id="366" type="label" x="1526.3085268860734" y="-3992.9309384050616" r="0" s="2.8804292399457694" class="head">
      <textfield autoSize="true">
        <x>-104.35</x>
        <y>-18.3</y>
        <text><![CDATA[Finger Detection]]></text>
        <annotations>r0-16 { align: left; }</annotations>
      </textfield>
    </object>
    <object id="64" type="button" x="1453.1499999999796" y="-3861.30000000001" r="0" s="0.4401773280228675" class="roundrect">
      <type>roundrect</type>
      <size>
        <w>503.7395453333071</w>
        <h>306.7922220241199</h>
      </size>
    </object>
    <object id="65" type="image" x="1451.6147851960875" y="-3863.2068436753584" r="0" s="0.7345853714071321">
      <source w="295" h="171">
        images(2).jpg
        <url>images(2).jpg</url>
      </source>
      <sourceUrl>images (2).jpg</sourceUrl>
    </object>
    <object id="13" type="label" x="1606.7420556662491" y="-3450.0497039465426" r="0" s="2.8804292399457694" class="body">
      <textfield autoSize="true">
        <x>-132.3</x>
        <y>-117.2</y>
        <text><![CDATA[Image captureDetection (Convex Hull Algorithm)Classification Mouse Event]]></text>
        <annotations>r0-14 { align: left; }
r15-26 { align: left; }
r26-50 { align: left; }
r51-66 { align: left; }
r67-80 { align: left; }</annotations>
      </textfield>
    </object>
    <object id="16" type="shape" x="1487.3128057412257" y="-3650.3938712769777" r="89.99999999999997" s="1.570831827638066" class="line3">
      <geom type="arrow">
        <sp>-32.94613713715843 0</sp>
        <ep>32.94613713715843 0</ep>
        <t>7</t>
      </geom>
    </object>
    <object id="17" type="shape" x="1484.458641948245" y="-3398.202952279664" r="90" s="1.570831827638066" class="line3">
      <geom type="arrow">
        <sp>-30.734140759605545 0</sp>
        <ep>30.734140759605545 0</ep>
        <t>7</t>
      </geom>
    </object>
    <object id="18" type="shape" x="1486.5619635931473" y="-3234.2412822502633" r="90.00000000000011" s="1.570831827638066" class="line3">
      <geom type="arrow">
        <sp>-30 0</sp>
        <ep>30 0</ep>
        <t>7</t>
      </geom>
    </object>
    <object id="21" type="button" x="4924.787026239066" y="-4544.051603498566" r="141.0497296396248" s="1.978472839307676" class="roundrect">
      <type>roundrect</type>
      <size>
        <w>492.7307783728808</w>
        <h>726.5887449150905</h>
      </size>
    </object>
    <object id="22" type="label" x="5280.1202477117795" y="-4125.353680708761" r="141.0497296396248" s="3.3540272554921238" class="head">
      <textfield autoSize="true">
        <x>-93.45</x>
        <y>-18.3</y>
        <text><![CDATA[Face Detection]]></text>
        <annotations>r0-14 { color: #640f1e; }
r0-14 { align: left; }</annotations>
      </textfield>
    </object>
    <object id="31" type="label" x="4832.328399258573" y="-4658.509363832014" r="141.0497296396248" s="3.354027255492121" class="body">
      <textfield autoSize="true">
        <x>-78.95</x>
        <y>-117.2</y>
        <text><![CDATA[Image captureDetection(HaarCascade)ClassificationMouse Event]]></text>
        <annotations>r0-14 { align: left; }
r15-25 { align: left; }
r25-39 { align: left; }
r40-55 { align: left; }
r56-67 { align: left; }</annotations>
      </textfield>
    </object>
    <object id="55" type="shape" x="5006.203551924037" y="-4488.57585012" r="-128.9502702287282" s="1.7112383956592483" class="line3">
      <geom type="arrow">
        <sp>-37.51593259263414 0</sp>
        <ep>37.515932592634144 0</ep>
        <t>7</t>
      </geom>
    </object>
    <object id="57" type="shape" x="4692.960726116232" y="-4872.224566263953" r="-128.95027022872813" s="1.7112383956592487" class="line3">
      <geom type="arrow">
        <sp>-32.84732583130136 0</sp>
        <ep>32.84732583130136 0</ep>
        <t>7</t>
      </geom>
    </object>
    <object id="58" type="shape" x="4819.845403164001" y="-4719.002867918378" r="-128.9502703603752" s="1.5204131504392666" class="line3">
      <geom type="arrow">
        <sp>-37.42527199536648 0</sp>
        <ep>37.42527199536648 0</ep>
        <t>7</t>
      </geom>
    </object>
    <object id="60" type="button" x="5115.282428973824" y="-1921.2250975606207" r="-133.87047962282375" s="1.2991260207683613" class="roundrect">
      <type>roundrect</type>
      <size>
        <w>800</w>
        <h>1063.0841789338288</h>
      </size>
    </object>
    <object id="63" type="label" x="4715.962794654431" y="-1502.3123414727695" r="-133.87047962282375" s="3.1416636552761315" class="head">
      <textfield autoSize="true">
        <x>-98.2</x>
        <y>-18.3</y>
        <text><![CDATA[Color Detection]]></text>
        <annotations>r0-15 { color: #87234b; }
r0-15 { align: left; }</annotations>
      </textfield>
    </object>
    <object id="75" type="label" x="5211.351603498538" y="-2025.9011661807697" r="-133.87047962282375" s="3.786879050275119" class="body">
      <textfield autoSize="true">
        <x>-104.2</x>
        <y>-117.2</y>
        <text><![CDATA[Image captureDetection(Normal detection)ClassificationMouse Event]]></text>
        <annotations>r0-14 { align: left; }
r15-25 { align: left; }
r25-44 { align: left; }
r45-60 { align: left; }
r61-72 { align: left; }</annotations>
      </textfield>
    </object>
    <object id="76" type="shape" x="5102.1093108891" y="-1770.3473834863726" r="-43.87048007058394" s="1.6028896200388438" class="line3">
      <geom type="arrow">
        <sp>-42 0</sp>
        <ep>42 0</ep>
        <t>7</t>
      </geom>
    </object>
    <object id="78" type="shape" x="5491.885135066428" y="-2150.2200665212217" r="-43.87048007058397" s="1.6028896200388425" class="line3">
      <geom type="arrow">
        <sp>-41.999999999999986 0</sp>
        <ep>41.999999999999986 0</ep>
        <t>7</t>
      </geom>
    </object>
    <object id="84" type="shape" x="5329.602268328835" y="-1997.270466051273" r="136.12951992941603" s="1.6028896200388436" class="line3">
      <geom type="arrow">
        <sp>41.999999999999986 0</sp>
        <ep>-41.999999999999986 0</ep>
        <t>7</t>
      </geom>
    </object>
    <object id="67" type="button" x="3802.8370262390617" y="-3381.201603498561" r="141.65391249303687" s="1.189509198882474" class="roundrect">
      <type>roundrect</type>
      <size>
        <w>694.8826008428658</w>
        <h>600</h>
      </size>
    </object>
    <object id="86" type="label" x="3808.908010141361" y="-3373.8392406222843" r="141.65391249303687" s="7.407878561856988" class="head">
      <textfield autoSize="true">
        <x>-40.3</x>
        <y>-34.65</y>
        <text><![CDATA[WORKFLOW]]></text>
        <annotations>r0-9 { color: #6fcc00; }
r0-5 { align: left; }
r5-9 { align: left; }</annotations>
      </textfield>
    </object>
    <object id="87" type="label" x="-11810.949950549022" y="-17331.809659324303" r="1.7518142890817434" s="3.4328609279554616" class="strong">
      <textfield autoSize="true">
        <x>-98.3</x>
        <y>-17</y>
        <text><![CDATA[Software requirements]]></text>
        <annotations>r0-21 { align: left; }</annotations>
      </textfield>
    </object>
    <object id="93" type="button" x="16629.600000000035" y="6964.200000000017" r="0" s="11.897810039640367" class="invisible">
      <type>invisible</type>
      <size>
        <w>1052.9268292682927</w>
        <h>600</h>
      </size>
    </object>
    <object id="108" type="image" x="16195.350000000031" y="7241.150000000021" r="0" s="13.198010405192589">
      <source w="522" h="419">
        _Capture6.PNG
        <url>_Capture6.PNG</url>
      </source>
      <sourceUrl>Capture6.PNG</sourceUrl>
    </object>
    <object id="94" type="label" x="16180.15000000003" y="3882.850000000006" r="0" s="16.000000000000046" class="head">
      <textfield autoSize="true">
        <x>-117.8</x>
        <y>-18.3</y>
        <text><![CDATA[Procedural flow]]></text>
        <w>235.65</w>
        <h>36.65</h>
        <annotations>r0-15 { align: center; }</annotations>
      </textfield>
    </object>
    <object id="79" type="label" x="-11871.66658392477" y="-19188.24030728762" r="17.187276241331027" s="3.769590425719329" class="strong">
      <textfield autoSize="true">
        <x>-105.65</x>
        <y>-17</y>
        <text><![CDATA[Hardware requirements]]></text>
        <annotations>r0-21 { align: left; }</annotations>
      </textfield>
    </object>
    <object id="74" type="button" x="5258.048548998904" y="-4303.291511060585" r="141.0497296396248" s="0.2905037703841164" class="roundrect">
      <type>roundrect</type>
      <size>
        <w>577.6356202361986</w>
        <h>528.0099446401</h>
      </size>
    </object>
    <object id="80" type="image" x="5260.2212677309735" y="-4304.770933274888" r="141.0497296396248" s="0.6306363983536413">
      <source w="225" h="225">
        _images.jpg
        <url>_images.jpg</url>
      </source>
      <sourceUrl>images.jpg</sourceUrl>
    </object>
    <object id="81" type="button" x="4862.077105600295" y="-1580.230682403706" r="-133.87047962282375" s="0.20505941604236863" class="roundrect">
      <type>roundrect</type>
      <size>
        <w>983.6065573770492</w>
        <h>600</h>
      </size>
    </object>
    <object id="82" type="image" x="4861.035182341241" y="-1580.827673091968" r="-133.87047962282378" s="0.6028591895205783">
      <source w="321" h="157">
        images(1).jpg
        <url>images(1).jpg</url>
      </source>
      <sourceUrl>images (1).jpg</sourceUrl>
    </object>
    <object id="73" type="label" x="25770.131003999995" y="-4172.950799999999" r="0" s="21.296000000000017" class="head">
      <textfield>
        <x>-47.65</x>
        <y>-18.3</y>
        <text><![CDATA[Results]]></text>
        <annotations>r0-7 { color: #640f1e; }
r0-7 { align: left; }</annotations>
      </textfield>
    </object>
    <object id="95" type="label" x="12607.53242424843" y="-15046.207554012775" r="-0.2458389437526482" s="15.852849529299377" class="body">
      <textfield>
        <x>-271.25</x>
        <y>-174.8</y>
        <text><![CDATA[Using integrated camera provides an inexpensive solution with respect to the current technologies like sensors.Through our software of gesture detection we make the operation of the computer easier in day to day life.No need of mouse or track pad ,touch pad which is used in present technology.Face detection helps handicaps.]]></text>
        <w>542.55</w>
        <h>349.6</h>
        <annotations>r0-112 { align: justify; }
r113-220 { align: left; }
r221-299 { align: left; }
r300-331 { align: left; }</annotations>
      </textfield>
    </object>
    <object id="102" type="label" x="12008.359031716634" y="-18486.057700872934" r="-0.24583894375264798" s="22.193989341019098" class="head">
      <textfield autoSize="true">
        <x>-54</x>
        <y>-18.3</y>
        <text><![CDATA[Analysis]]></text>
        <annotations>r0-8 { align: left; }</annotations>
      </textfield>
    </object>
    <object id="97" type="button" x="26533.731778425783" y="-27790.976676384977" r="0" s="7.960759928019895" class="bracket">
      <type>bracket</type>
      <size>
        <w>1048.6486486486483</w>
        <h>600</h>
      </size>
    </object>
    <object id="89" type="label" x="26455.69527360914" y="-29482.595982634943" r="0" s="16.755848015999597" class="head">
      <textfield autoSize="true">
        <x>-69.7</x>
        <y>-18.3</y>
        <text><![CDATA[Conclusion]]></text>
        <annotations>r0-10 { color: #87234b; }
r0-10 { align: left; }</annotations>
      </textfield>
    </object>
    <object id="96" type="label" x="26621.588921282924" y="-27391.481899691986" r="0" s="11.122188869800285" class="body">
      <textfield>
        <x>-336.75</x>
        <y>-131.6</y>
        <text><![CDATA[The gesturized operation using low cost integrated camera has eliminated the need of using mouse and touch pad.Compared to current technologies available, we have achieved efficiency in terms of cost and operation. The various methods of face detection, finger detection and color detection have enable the handicaps as well as  people to operate the system with ease and comfort]]></text>
        <annotations>r0-59 { align: left; }
r59-113 { align: left; }
r114-175 { align: left; }
r175-220 { align: left; }
r221-281 { align: left; }
r281-336 { align: left; }
r336-387 { align: left; }</annotations>
      </textfield>
    </object>
    <object id="77" type="button" x="49948.95" y="-8917.949999999999" r="0.07340295794936869" s="8.561425534639518" class="roundrect">
      <type>roundrect</type>
      <size>
        <w>1213.3333333333333</w>
        <h>600</h>
      </size>
    </object>
    <object id="90" type="button" x="48215.9" y="5716.9" r="0" s="14.219333949814098" class="roundrect">
      <type>roundrect</type>
      <size>
        <w>1053.061224489796</w>
        <h>600</h>
      </size>
    </object>
    <object id="92" type="label" x="21964.760002987015" y="-3535.948460430815" r="0" s="12.228752412755124" class="body">
      <textfield autoSize="true">
        <x>-78.95</x>
        <y>-16.4</y>
        <text><![CDATA[Face detection]]></text>
        <annotations>r0-14 { align: left; }</annotations>
      </textfield>
    </object>
    <object id="100" type="image" x="49729.93206334937" y="-8620.796137709727" r="0.07340295794936871" s="8.007433605122422">
      <source w="1085" h="496">
        finger.PNG
        <url>finger.PNG</url>
      </source>
      <sourceUrl>finger.PNG</sourceUrl>
    </object>
    <object id="98" type="label" x="46466.80648066913" y="-11049.192330576869" r="0.07340295794936869" s="10.48987658141663" class="body">
      <textfield autoSize="true">
        <x>-90.3</x>
        <y>-16.4</y>
        <text><![CDATA[Finger Detection]]></text>
        <annotations>r0-16 { align: left; }</annotations>
      </textfield>
    </object>
    <object id="101" type="image" x="48390.35" y="6212.199999999999" r="0" s="12.786752188525544">
      <source w="1100" h="485">
        color.PNG
        <url>color.PNG</url>
      </source>
      <sourceUrl>color.PNG</sourceUrl>
    </object>
    <object id="103" type="label" x="43094.94999999999" y="2381.6500000000015" r="0" s="15.999999999999996" class="body">
      <textfield autoSize="true">
        <x>-86</x>
        <y>-16.4</y>
        <text><![CDATA[Color Detection]]></text>
        <annotations>r0-15 { align: left; }</annotations>
      </textfield>
    </object>
  </zui-table>
  <path>
    <s>
      <eagle o="1"/>
    </s>
    <s>
      <eagle o="25"/>
    </s>
    <s>
      <eagle o="2"/>
    </s>
    <s>
      <eagle o="27_301795"/>
    </s>
    <s>
      <eagle o="30_301795"/>
    </s>
    <s>
      <eagle o="8"/>
    </s>
    <s>
      <eagle o="25_301795"/>
    </s>
    <s>
      <eagle o="33_301795"/>
    </s>
    <s>
      <eagle o="34_301795"/>
    </s>
    <s>
      <eagle o="14"/>
    </s>
    <s>
      <eagle o="88"/>
    </s>
    <s>
      <eagle o="20"/>
    </s>
    <s>
      <eagle o="24"/>
    </s>
    <s>
      <eagle o="67"/>
    </s>
    <s>
      <eagle o="365"/>
    </s>
    <s>
      <eagle o="64"/>
    </s>
    <s>
      <eagle o="21"/>
    </s>
    <s>
      <eagle o="74"/>
    </s>
    <s>
      <eagle o="60"/>
    </s>
    <s>
      <eagle o="81"/>
    </s>
    <s>
      <eagle o="93"/>
    </s>
    <s>
      <eagle o="71"/>
    </s>
    <s>
      <eagle o="77"/>
    </s>
    <s>
      <eagle o="90"/>
    </s>
    <s>
      <eagle o="91"/>
    </s>
    <s>
      <eagle o="97"/>
    </s>
  </path>
  <style type="text/css"><![CDATA[
@font-face
{
	src: url('OpenSans-XB.swf');
	fontFamily: head;
}

@font-face
{
	src: url('LobsterTwo.swf');
	fontFamily: strong;
}

@font-face
{
	src: url('Fontin.swf');
	fontFamily: body;
}

background
{
	gradStart: #fff;
	gradEnd: #fff;
}

text
{
	padding: 1.2;
}

text.title
{
	color: #000;
	fontFamily: head;
}

text.subtitle
{
	color: #194a99;
	fontFamily: strong;
}

text.body
{
	color: #333;
	fontFamily: body;
}

frame.circle
{
	gradStartColor: #194a99;
	borderColor: #fff;
	gradEndColor: #194a99;
	borderThickness: 0;
}

frame.bracket
{
	gradStartColor: #318bff;
	borderColor: #fff;
	gradEndColor: #318bff;
	borderThickness: 0;
}

frame.rectangle
{
	gradStartColor: #318bff;
	borderColor: #97f1ff;
	gradEndColor: #318bff;
	borderThickness: 0;
}

arrow
{
	gradStartColor: #333;
	borderColor: #7f7f7f;
	gradEndColor: #333;
	borderThickness: 0;
}

line
{
	color: #333;
}

line-arrow.style1
{
	gradStartColor: #efefef;
	gradEndColor: #efefef;
	color: #efefef;
}

line-arrow.style2
{
	gradStartColor: #7a8082;
	gradEndColor: #7a8082;
	color: #7a8082;
}

line-arrow.style3
{
	gradStartColor: #333;
	gradEndColor: #333;
	color: #333;
}

line-arrow.style4
{
	gradStartColor: #318bff;
	gradEndColor: #318bff;
	color: #318bff;
}

line-arrow.style5
{
	gradStartColor: #194a99;
	gradEndColor: #194a99;
	color: #194a99;
}

circle
{
	lockTintAlpha: 0.6;
	borderAlpha: 1;
	radius: 0;
	thickness: 100;
}

shape
{
	lockTintAlpha: 0.6;
	borderAlpha: 1;
	radius: 0;
	thickness: 100;
}

shape.style1
{
	gradStartColor: #efefef;
	borderColor: #efefef;
	gradEndColor: #efefef;
	borderThickness: 0;
}

shape.style2
{
	gradStartColor: #7a8082;
	borderColor: #7a8082;
	gradEndColor: #7a8082;
	borderThickness: 0;
}

shape.style3
{
	gradStartColor: #318bff;
	borderColor: #318bff;
	gradEndColor: #318bff;
	borderThickness: 0;
}

shape.style4
{
	gradStartColor: #194a99;
	borderColor: #194a99;
	gradEndColor: #194a99;
	borderThickness: 0;
}

shape.style5
{
	gradStartColor: #333;
	borderColor: #333;
	gradEndColor: #333;
	borderThickness: 0;
}

free-line
{
	color: #333;
}

free-marker
{
	color: #00e1ff;
}

grid
{
	color: #ddd;
}

ZCircle
{
	radius: 0;
	gradStartAlpha: 1;
	thickness: 100;
	lockTintAlpha: 0;
	borderAlpha: 1;
	gradEndAlpha: 1;
}

ZPoly
{
	radius: 15;
	gradStartAlpha: 1;
	thickness: 100;
	lockTintAlpha: 0;
	borderAlpha: 1;
	gradEndAlpha: 1;
}

Background
{
	gradStart: #fff;
	gradEnd: #fff;
}

ZLabel
{
	padding: 1.2;
}

ZLabel.head
{
	color: #e90026;
	fontFamily: head;
}

.line5
{
	gradStartColor: #210195;
	gradEndColor: #210195;
	color: #210195;
}

.poly5
{
	gradStartColor: #fff;
	borderColor: #210195;
	gradEndColor: #fff;
	color: #fff;
	borderThickness: 9;
}

ZLabel.strong
{
	color: #f60;
	fontFamily: strong;
}

.line1
{
	gradStartColor: #f60;
	gradEndColor: #f60;
	color: #f60;
}

.poly1
{
	gradStartColor: #fff;
	borderColor: #f60;
	gradEndColor: #fff;
	color: #fff;
	borderThickness: 9;
}

ZLabel.body
{
	color: #210195;
	fontFamily: body;
}

ZFrame.circle
{
	gradEndAlpha: 1;
	borderColor: #03b7d8;
	thickness: 12;
	gradStartColor: #03b7d8;
	gradEndColor: #03b7d8;
	gradStartAlpha: 1;
	borderThickness: 0;
}

.line4
{
	gradStartColor: #03b7d8;
	gradEndColor: #03b7d8;
	color: #03b7d8;
}

.poly4
{
	gradStartColor: #00d77d;
	gradEndColor: #00d77d;
	color: #fff;
}

ZFrame.bracket
{
	gradEndAlpha: 1;
	borderColor: #ef0e71;
	thickness: 12;
	gradStartColor: #ef0e71;
	gradEndColor: #ef0e71;
	gradStartAlpha: 1;
	borderThickness: 0;
}

.line2
{
	gradStartColor: #ef0e71;
	gradEndColor: #ef0e71;
	color: #ef0e71;
}

.poly2
{
	gradStartColor: #f60;
	borderColor: #f60;
	gradEndColor: #f60;
	borderThickness: 0;
}

ZFrame.roundrect
{
	gradStartAlpha: 0.6;
	borderColor: #faf789;
	gradStartColor: #faf789;
	gradEndAlpha: 0.9;
	gradEndColor: #faf789;
	radius: 7;
	borderThickness: 0;
}

ZArrow
{
	gradEndAlpha: 1;
	borderColor: #fff;
	thickness: 7;
	lockTintAlpha: 0;
	gradStartColor: #000;
	gradEndColor: #000;
	gradStartAlpha: 1;
	borderThickness: -1;
}

.line3
{
	gradStartColor: #00d77d;
	gradEndAlpha: 1;
	gradEndColor: #00d77d;
	gradStartAlpha: 1;
	color: #00d77d;
}

.poly3
{
	gradStartColor: #fff;
	borderColor: #00d77d;
	gradEndColor: #fff;
	color: #fff;
	borderThickness: 9;
}

ZLine
{
	lockTintAlpha: 0;
	gradEndAlpha: 1;
	gradStartAlpha: 1;
	alpha: 1;
	color: #000;
}

ZCurveLine
{
	color: #210195;
}

ZMarker
{
	alpha: 0.3;
	color: #52ff59;
}

Grid
{
	color: #b8b8b8;
}

point
{
	fillColor: #40abe6;
	radius: 8;
	alpha: .5;
}

]]></style>
  <hash>-5d19805b</hash>
  <sync>
    <oid>UNKNOWN</oid>
    <hash>UNKNOWN</hash>
  </sync>
  <config>4VudLoiTyiSEQQAbC6UBHoUCGo5r5L5eZg==</config>
</zuiprezi>